token	id	max_prob	prob
▁	29871	1.0
▁The	450	0.8564453125
▁current	1857	1.0
▁President	7178	0.892578125
▁of	310	1.0
▁the	278	1.0
▁United	3303	1.0
▁States	3900	1.0
▁is	338	1.0
▁Joe	11131	0.9990234375
▁B	350	1.0
iden	3615	1.0
.	29889	1.0
</s>	2	1.0
